CÓDIGO;;
RRRP;;
CSAN;;
ENAT;;
RPMG;;
PETR;;
RECV;;
PRIO;;
RAIZ;;
UGPA;;
VBBR;;
;;
LUPA;;
OPCT;;
OSXB;;
;;
LISTAGEM;;
CÓDIGO;;
;;
AURA;;
BRAP;;
CBAV;;
CMIN;;
LTEL;;
LTLA;;
VALE;;
;;
FESA;;
GGBR;;
GOAU;;
CSNA;;
USIM;;
;;
MGEL;;
PATI;;
TKNO;;
;;
PMAM;;
;;
BRKM;;
DEXP;;
;;
FHER;;
NUTR;;
VITT;;
;;
CRPG;;
UNIP;;
;;
DXCO;;
EUCA;;
;;
KLBN;;
MSPA;;
NEMO;;
SUZB;;
;;
RANI;;
;;
SNSY;;
;;
LISTAGEM;;
CÓDIGO;;
;;
ETER;;
HAGA;;
PTBL;;
;;
AZEV;;
;;
SOND;;
;;
EMBR;;
;;
FRAS;;
POMO;;
RAPT;;
RCSL;;
RSUL;;
TUPY;;
MWET;;
;;
SHUL;;
WEGE;;
;;
EALT;;
AERI;;
ARML;;
BDLL;;
INEP;;
KEPL;;
FRIO;;
MILS;;
NORD;;
PTCA;;
ROMI;;
;;
MTSA;;
;;
TASA;;
;;
AZUL;;
GOLL;;
;;
FRRN;;
GASC;;
VSPT;;
MRSA;;
RAIL;;
;;
HBSA;;
LOGN;;
LUXM;;
;;
JSLG;;
TGMA;;
;;
ANHB;;
CCRO;;
RPTA;;
CRTE;;
ASCP;;
ECOR;;
ECOV;;
COLN;;
RDVT;;
CRBD;;
TPIS;;
VOES;;
;;
AGRU;;
HMOB;;
IVPR;;
PSVM;;
SAIP;;
STBP;;
PORT;;
;;
ATMP;;
BBML;;
DTCY;;
ALPK;;
GGPS;;
PRNR;;
SEQL;;
VLID;;
;;
EPAR;;
MMAQ;;
RBNS;;
WLMM;;
;;
LISTAGEM;;
CÓDIGO;;
;;
TTEN;;
GRAO;;
AGXY;;
APTI;;
SOJA;;
AGRO;;
CTCA;;
FRTA;;
SLCE;;
LAND;;
;;
JALL;;
RESA;;
SMTO;;
;;
BRFS;;
BAUH;;
JBSS;;
MRFG;;
BEEF;;
MNPR;;
;;
CAML;;
JOPA;;
MDIA;;
ODER;;
;;
ABEV;;
;;
NTCO;;
;;
BOBR;;
;;
ASAI;;
CRFB;;
GMAT;;
PCAR;;
;;
LISTAGEM;;
CÓDIGO;;
;;
AVLL;;
CALI;;
CURY;;
CYRE;;
DIRR;;
EVEN;;
EZTC;;
FIEI;;
GFSA;;
HBOR;;
INNT;;
JHSF;;
JFEN;;
KLAS;;
LAVV;;
MELK;;
MTRE;;
MDNE;;
MRVE;;
PDGR;;
PLPL;;
RDNI;;
RSID;;
TCSA;;
TEGA;;
TEND;;
TRIS;;
VIVR;;
;;
CEDO;;
CTNM;;
DOHL;;
CATA;;
CTKA;;
PTNT;;
CTSA;;
SGPS;;
TEKA;;
TXRX;;
;;
TFCO;;
;;
ALPA;;
CAMB;;
GRND;;
VULC;;
;;
MNDL;;
TECN;;
VIVA;;
;;
WHRL;;
;;
MBLY;;
UCAS;;
WEST;;
;;
HETA;;
;;
MYPK;;
LEVE;;
PLAS;;
;;
HOOT;;
;;
MEAL;;
ZAMP;;
;;
LISTAGEM;;
CÓDIGO;;
;;
BMKS;;
;;
ESTR;;
;;
AHEB;;
SHOW;;
;;
CVCB;;
;;
SMFT;;
;;
ANIM;;
BAHI;;
COGN;;
CSED;;
SEER;;
YDUQ;;
;;
RENT;;
MSRO;;
MOVI;;
VAMO;;
;;
DOTZ;;
;;
ARZZ;;
CEAB;;
CGRA;;
SOMA;;
GUAR;;
AMAR;;
LREN;;
VSTE;;
;;
ALLD;;
BHIA;;
MGLU;;
;;
AMER;;
ESPA;;
SBFG;;
LLBI;;
PETZ;;
LJQQ;;
;;
LISTAGEM;;
CÓDIGO;;
;;
BIOM;;
NRTQ;;
OFSA;;
;;
AALR;;
DASA;;
FLRY;;
HAPV;;
KRSA;;
MATD;;
ODPV;;
ONCO;;
QUAL;;
RDOR;;
;;
BALM;;
LMED;;
;;
BLAU;;
DMVF;;
PNVL;;
HYPE;;
PGMN;;
PFRM;;
RADL;;
VVEO;;
;;
LISTAGEM;;
CÓDIGO;;
;;
INTB;;
MLAS;;
POSI;;
;;
BMOB;;
BRQB;;
ENJU;;
NINJ;;
IFCM;;
LWSA;;
CASH;;
NGRD;;
PDTC;;
QUSW;;
SQIA;;
TRAD;;
TOTS;;
LVTC;;
;;
LISTAGEM;;
CÓDIGO;;
;;
ALGT;;
BRIT;;
DESK;;
OIBR;;
TELB;;
VIVT;;
TIMS;;
FIQE;;
;;
ELMD;;
;;
LISTAGEM;;
CÓDIGO;;
;;
AESB;;
AESL;;
AESO;;
AFLT;;
ALUP;;
CBEE;;
AURE;;
CPTE;;
CEBR;;
CEED;;
CLSC;;
GPAR;;
CMIG;;
CEEB;;
COCE;;
COMR;;
CPLE;;
CSRN;;
CPFE;;
CPFG;;
CPFP;;
CPRE;;
EBEN;;
EKTR;;
ELET;;
LIPR;;
EMAE;;
ENGI;;
ENMT;;
ENER;;
ENEV;;
EGIE;;
EQPA;;
EQMA;;
EQTL;;
ESCE;;
FGEN;;
GEPA;;
LIGH;;
LIGT;;
NEOE;;
MEGA;;
PALF;;
PRMN;;
REDE;;
RNEW;;
STKF;;
STEN;;
TAEE;;
TEPE;;
TMPE;;
TRPL;;
UPKP;;
;;
AMBP;;
CASN;;
CSMG;;
IGSN;;
ORVR;;
SBSP;;
SAPR;;
SNST;;
;;
CEGR;;
CGAS;;
PASS;;
;;
LISTAGEM;;
CÓDIGO;;
;;
ABCB;;
RPAD;;
BRIV;;
BAZA;;
BMGB;;
BPAN;;
BGIP;;
BEES;;
BPAR;;
BRSR;;
BRBI;;
BBDC;;
BBAS;;
BSLI;;
BPAC;;
INBR;;
ITUB;;
BMEB;;
BMIN;;
BNBR;;
PINE;;
SANB;;
;;
CRIV;;
DMFN;;
MERC;;
;;
BDLS;;
DBEN;;
;;
BZRS;;
BSCS;;
PDGS;;
;;
BNDP;;
BFRE;;
G2DI;;
GPIV;;
PPLA;;
;;
B3SA;;
CIEL;;
CLSA;;
CSUD;;
EFXB;;
STOC;;
XPBR;;
;;
BRGE;;
BBSE;;
CXSE;;
PSSA;;
CSAB;;
;;
IRBR;;
;;
APER;;
WIZC;;
;;
LISTAGEM;;
CÓDIGO;;
;;
ALOS;;
CORR;;
GSHP;;
HBTS;;
HBRE;;
IGTI;;
LOGG;;
MNZC;;
MULT;;
PEAB;;
SCAR;;
SYNE;;
;;
LPSB;;
NEXP;;
;;
ITSA;;
MOAR;;
SIMH;;
;;
CTBA;;
MCRJ;;
PMSP;;
;;
LISTAGEM;;
CÓDIGO;;
;;
QVQP;;
ATOM;;
BETP;;
CABI;;
MAPT;;
CMSA;;
OPGM;;
FIGE;;
PPAR;;
PRPT;;
OPSE;;
OPTS;;
YBRA;;
;;
;;
;;
;;
;;
;;
;;
;;
;;
;;
;;
;;
;;
;;
;;
;;
;;
;;
;;
;;
